{"schemaVersion":"1.0","appDefinitionTemplate":{"id":"/providers/Microsoft.PowerApps/apps/","type":"Microsoft.PowerApps/apps","tags":{"primaryDeviceWidth":"1366","primaryDeviceHeight":"768","supportsPortrait":"true","supportsLandscape":"true","primaryFormFactor":"Tablet","publisherVersion":"3.22091.11","minimumRequiredApiVersion":"2.2.0","hasComponent":"true","hasUnlockedComponent":"true","isUnifiedRootApp":"false","sienaVersion":"20220920T185426Z-3.22091.11.0"},"properties":{"appVersion":"2022-09-20T18:54:26Z","lifeCycleId":"Published","createdByClientVersion":{"major":3,"minor":22091,"build":11,"revision":0,"majorRevision":0,"minorRevision":0},"minClientVersion":{"major":3,"minor":22091,"build":11,"revision":0,"majorRevision":0,"minorRevision":0},"backgroundColor":"RGBA(0,176,240,1)","backgroundImageUri":"/3362248548716241246/N16f5942c-cd21-4057-be7f-c89ea4c3fe14-logoSmallFile","displayName":"Walktrough App","description":"","commitMessage":"","appUris":{"documentUri":{"value":"/3362248548716241246/Neb21dd8f-0480-451a-827d-86772f23fb16-document.msapp"},"imageUris":[],"additionalUris":[]},"createdTime":"0001-01-01T00:00:00Z","lastModifiedTime":"0001-01-01T00:00:00Z","sharedGroupsCount":0,"sharedUsersCount":0,"icons":{"smallIconUri":"/3362248548716241246/N9ebc9c23-48f5-42ef-b27b-5aa7b57c6dd7-small.png","mediumIconUri":"/3362248548716241246/Ndbfe82b2-3a7c-4986-92c8-3cf405f84bec-medium.png","largeIconUri":"/3362248548716241246/N1bb9abdf-be26-4284-90ba-24f11ed024d0-large.png","wideIconUri":"/3362248548716241246/N03e4cdbc-a1f5-4bf8-b905-367550191d5c-wide.png"},"connectionReferences":{},"databaseReferences":{},"almMode":"Environment","performanceOptimizationEnabled":true,"canConsumeAppPass":true,"enableModernRuntimeMode":false,"executionRestrictions":{"isTeamsOnly":false,"dataLossPreventionEvaluationResult":{"status":"Compliant","lastEvaluationDate":"2022-09-20T18:29:02.8328872Z","violations":[],"violationsByPolicy":[],"violationErrorMessage":"The app uses the following connectors: ."}}},"appType":"ClassicCanvasApp","appComponents":[]}}